"subject_id","labor_onset","birth_g_stage","age","pre_bmi","birth_status","n_male_birth","n_female_birth","earlier_preg_with_children","birth_weight","n_total_birth","year_lcms"
"6",NA,NA,NA,NA,NA,NA,NA,NA,NA,NA,NA
"C1",NA,NA,NA,NA,NA,NA,NA,NA,NA,NA,NA
"C10",NA,NA,NA,NA,NA,NA,NA,NA,NA,NA,NA
"C100",NA,NA,NA,NA,NA,NA,NA,NA,NA,NA,NA
"C11",NA,NA,NA,NA,NA,NA,NA,NA,NA,NA,NA
"C12",NA,NA,NA,NA,NA,NA,NA,NA,NA,NA,NA
"C13",NA,NA,NA,NA,NA,NA,NA,NA,NA,NA,NA
"C14",NA,NA,NA,NA,NA,NA,NA,NA,NA,NA,NA
"C15",NA,NA,NA,NA,NA,NA,NA,NA,NA,NA,NA
"C16",NA,NA,NA,NA,NA,NA,NA,NA,NA,NA,NA
"C17",NA,NA,NA,NA,NA,NA,NA,NA,NA,NA,NA
"C18",NA,NA,NA,NA,NA,NA,NA,NA,NA,NA,NA
"C19",NA,NA,NA,NA,NA,NA,NA,NA,NA,NA,NA
"C2",NA,NA,NA,NA,NA,NA,NA,NA,NA,NA,NA
"C20",NA,NA,NA,NA,NA,NA,NA,NA,NA,NA,NA
"C21",NA,NA,NA,NA,NA,NA,NA,NA,NA,NA,NA
"C22",NA,NA,NA,NA,NA,NA,NA,NA,NA,NA,NA
"C23",NA,NA,NA,NA,NA,NA,NA,NA,NA,NA,NA
"C24",NA,NA,NA,NA,NA,NA,NA,NA,NA,NA,NA
"C25",NA,NA,NA,NA,NA,NA,NA,NA,NA,NA,NA
"C26",NA,NA,NA,NA,NA,NA,NA,NA,NA,NA,NA
"C27",NA,NA,NA,NA,NA,NA,NA,NA,NA,NA,NA
"C28",NA,NA,NA,NA,NA,NA,NA,NA,NA,NA,NA
"C29",NA,NA,NA,NA,NA,NA,NA,NA,NA,NA,NA
"C3",NA,NA,NA,NA,NA,NA,NA,NA,NA,NA,NA
"C30",NA,NA,NA,NA,NA,NA,NA,NA,NA,NA,NA
"C31",NA,NA,NA,NA,NA,NA,NA,NA,NA,NA,NA
"C32",NA,NA,NA,NA,NA,NA,NA,NA,NA,NA,NA
"C33",NA,NA,NA,NA,NA,NA,NA,NA,NA,NA,NA
"C34",NA,NA,NA,NA,NA,NA,NA,NA,NA,NA,NA
"C35",NA,NA,NA,NA,NA,NA,NA,NA,NA,NA,NA
"C36",NA,NA,NA,NA,NA,NA,NA,NA,NA,NA,NA
"C37",NA,NA,NA,NA,NA,NA,NA,NA,NA,NA,NA
"C38",NA,NA,NA,NA,NA,NA,NA,NA,NA,NA,NA
"C39",NA,NA,NA,NA,NA,NA,NA,NA,NA,NA,NA
"C4",NA,NA,NA,NA,NA,NA,NA,NA,NA,NA,NA
"C40",NA,NA,NA,NA,NA,NA,NA,NA,NA,NA,NA
"C41",NA,NA,NA,NA,NA,NA,NA,NA,NA,NA,NA
"C42",NA,NA,NA,NA,NA,NA,NA,NA,NA,NA,NA
"C43",NA,NA,NA,NA,NA,NA,NA,NA,NA,NA,NA
"C44",NA,NA,NA,NA,NA,NA,NA,NA,NA,NA,NA
"C45",NA,NA,NA,NA,NA,NA,NA,NA,NA,NA,NA
"C46",NA,NA,NA,NA,NA,NA,NA,NA,NA,NA,NA
"C47",NA,NA,NA,NA,NA,NA,NA,NA,NA,NA,NA
"C48",NA,NA,NA,NA,NA,NA,NA,NA,NA,NA,NA
"C49",NA,NA,NA,NA,NA,NA,NA,NA,NA,NA,NA
"C5",NA,NA,NA,NA,NA,NA,NA,NA,NA,NA,NA
"C50",NA,NA,NA,NA,NA,NA,NA,NA,NA,NA,NA
"C51",NA,NA,NA,NA,NA,NA,NA,NA,NA,NA,NA
"C52",NA,NA,NA,NA,NA,NA,NA,NA,NA,NA,NA
"C53",NA,NA,NA,NA,NA,NA,NA,NA,NA,NA,NA
"C54",NA,NA,NA,NA,NA,NA,NA,NA,NA,NA,NA
"C55",NA,NA,NA,NA,NA,NA,NA,NA,NA,NA,NA
"C56",NA,NA,NA,NA,NA,NA,NA,NA,NA,NA,NA
"C57",NA,NA,NA,NA,NA,NA,NA,NA,NA,NA,NA
"C58",NA,NA,NA,NA,NA,NA,NA,NA,NA,NA,NA
"C59",NA,NA,NA,NA,NA,NA,NA,NA,NA,NA,NA
"C6",NA,NA,NA,NA,NA,NA,NA,NA,NA,NA,NA
"C60",NA,NA,NA,NA,NA,NA,NA,NA,NA,NA,NA
"C61",NA,NA,NA,NA,NA,NA,NA,NA,NA,NA,NA
"C62",NA,NA,NA,NA,NA,NA,NA,NA,NA,NA,NA
"C63",NA,NA,NA,NA,NA,NA,NA,NA,NA,NA,NA
"C64",NA,NA,NA,NA,NA,NA,NA,NA,NA,NA,NA
"C65",NA,NA,NA,NA,NA,NA,NA,NA,NA,NA,NA
"C66",NA,NA,NA,NA,NA,NA,NA,NA,NA,NA,NA
"C67",NA,NA,NA,NA,NA,NA,NA,NA,NA,NA,NA
"C68",NA,NA,NA,NA,NA,NA,NA,NA,NA,NA,NA
"C69",NA,NA,NA,NA,NA,NA,NA,NA,NA,NA,NA
"C7",NA,NA,NA,NA,NA,NA,NA,NA,NA,NA,NA
"C70",NA,NA,NA,NA,NA,NA,NA,NA,NA,NA,NA
"C71",NA,NA,NA,NA,NA,NA,NA,NA,NA,NA,NA
"C72",NA,NA,NA,NA,NA,NA,NA,NA,NA,NA,NA
"C73",NA,NA,NA,NA,NA,NA,NA,NA,NA,NA,NA
"C74",NA,NA,NA,NA,NA,NA,NA,NA,NA,NA,NA
"C75",NA,NA,NA,NA,NA,NA,NA,NA,NA,NA,NA
"C76",NA,NA,NA,NA,NA,NA,NA,NA,NA,NA,NA
"C77",NA,NA,NA,NA,NA,NA,NA,NA,NA,NA,NA
"C78",NA,NA,NA,NA,NA,NA,NA,NA,NA,NA,NA
"C79",NA,NA,NA,NA,NA,NA,NA,NA,NA,NA,NA
"C8",NA,NA,NA,NA,NA,NA,NA,NA,NA,NA,NA
"C80",NA,NA,NA,NA,NA,NA,NA,NA,NA,NA,NA
"C81",NA,NA,NA,NA,NA,NA,NA,NA,NA,NA,NA
"C82",NA,NA,NA,NA,NA,NA,NA,NA,NA,NA,NA
"C83",NA,NA,NA,NA,NA,NA,NA,NA,NA,NA,NA
"C84",NA,NA,NA,NA,NA,NA,NA,NA,NA,NA,NA
"C85",NA,NA,NA,NA,NA,NA,NA,NA,NA,NA,NA
"C86",NA,NA,NA,NA,NA,NA,NA,NA,NA,NA,NA
"C87",NA,NA,NA,NA,NA,NA,NA,NA,NA,NA,NA
"C88",NA,NA,NA,NA,NA,NA,NA,NA,NA,NA,NA
"C89",NA,NA,NA,NA,NA,NA,NA,NA,NA,NA,NA
"C9",NA,NA,NA,NA,NA,NA,NA,NA,NA,NA,NA
"C90",NA,NA,NA,NA,NA,NA,NA,NA,NA,NA,NA
"C91",NA,NA,NA,NA,NA,NA,NA,NA,NA,NA,NA
"C92",NA,NA,NA,NA,NA,NA,NA,NA,NA,NA,NA
"C93",NA,NA,NA,NA,NA,NA,NA,NA,NA,NA,NA
"C94",NA,NA,NA,NA,NA,NA,NA,NA,NA,NA,NA
"C95",NA,NA,NA,NA,NA,NA,NA,NA,NA,NA,NA
"C96",NA,NA,NA,NA,NA,NA,NA,NA,NA,NA,NA
"C97",NA,NA,NA,NA,NA,NA,NA,NA,NA,NA,NA
"C98",NA,NA,NA,NA,NA,NA,NA,NA,NA,NA,NA
"C99",NA,NA,NA,NA,NA,NA,NA,NA,NA,NA,NA
"D1",NA,NA,NA,NA,NA,NA,NA,NA,NA,NA,NA
"D10",NA,NA,NA,NA,NA,NA,NA,NA,NA,NA,NA
"D11",NA,NA,NA,NA,NA,NA,NA,NA,NA,NA,NA
"D12",NA,NA,NA,NA,NA,NA,NA,NA,NA,NA,NA
"D13",NA,NA,NA,NA,NA,NA,NA,NA,NA,NA,NA
"D14",NA,NA,NA,NA,NA,NA,NA,NA,NA,NA,NA
"D15",NA,NA,NA,NA,NA,NA,NA,NA,NA,NA,NA
"D16",NA,NA,NA,NA,NA,NA,NA,NA,NA,NA,NA
"D17",NA,NA,NA,NA,NA,NA,NA,NA,NA,NA,NA
"D18",NA,NA,NA,NA,NA,NA,NA,NA,NA,NA,NA
"D19",NA,NA,NA,NA,NA,NA,NA,NA,NA,NA,NA
"D2",NA,NA,NA,NA,NA,NA,NA,NA,NA,NA,NA
"D20",NA,NA,NA,NA,NA,NA,NA,NA,NA,NA,NA
"D3",NA,NA,NA,NA,NA,NA,NA,NA,NA,NA,NA
"D4",NA,NA,NA,NA,NA,NA,NA,NA,NA,NA,NA
"D5",NA,NA,NA,NA,NA,NA,NA,NA,NA,NA,NA
"D6",NA,NA,NA,NA,NA,NA,NA,NA,NA,NA,NA
"D7",NA,NA,NA,NA,NA,NA,NA,NA,NA,NA,NA
"D8",NA,NA,NA,NA,NA,NA,NA,NA,NA,NA,NA
"D9",NA,NA,NA,NA,NA,NA,NA,NA,NA,NA,NA
"DK001","natural",40,23,22.3,"Normal",0,1,0,3014,1,2015
"DK002","advanced",38.57142857,29,18.3,"Normal",1,0,0,2890,1,2015
"DK003","advanced",41.71428571,29,20.4,"Normal",1,0,0,3786,1,2015
"DK005","natural",40.28571429,32,19.8,"Normal",0,1,1,3692,1,2015
"DK007","natural",41.28571429,26,20.3,"Normal",0,1,0,3026,1,2015
"DK009","advanced",38.71428571,32,30.2,"Normal",1,0,1,3525,1,2015
"DK010","natural",41.71428571,34,20.1,"Normal",1,0,2,4900,1,2015
"DK011","natural",38.71428571,31,21.9,"Normal",0,1,0,3322,1,2016
"DK012","natural",39.71428571,31,19.7,"Normal",0,1,0,2508,1,2015
"DK013","natural",38.85714286,28,19.4,"Normal",1,0,0,3079,1,2015
"DK015","natural",40.71428571,34,22.6,"Normal",0,1,1,2998,1,2016
"DK016","advanced",39.85714286,31,23.7,"Normal",1,0,1,4328,1,2016
"DK017","natural",42,34,20.3,"Normal",0,1,1,2750,1,2016
"DK018","advanced",40.85714286,29,23.2,"Normal",0,1,0,3722,1,2016
"DK019","natural",40.28571429,29,20,"Normal",1,0,0,3754,1,2016
"DK020","advanced",42,30,25.1,"Normal",1,0,0,4328,1,2016
"DK021","advanced",40.42857143,30,26,"Normal",1,0,1,NA,1,2016
"DK022","natural",38.57142857,35,22.8,"Normal",0,1,1,2978,1,2016
"DK023","natural",40.57142857,26,20.5,"Normal",0,1,0,3290,1,2016
"DK024","advanced",41.71428571,26,32,"Normal",1,0,1,4525,1,2016
"DK025","natural",40.28571429,30,20.3,"Normal",0,1,0,3642,1,2016
"DK026","natural",37.71428571,27,20.3,"Normal",1,0,0,3652,1,2016
"DK028","advanced",38.57142857,31,22.8,"Normal",0,1,0,3090,1,2016
"DK029","natural",41.42857143,27,20.8,"Normal",1,0,0,3560,1,2016
"DK030","natural",39.14285714,25,20.1,"Normal",0,1,0,3334,1,2016
"DK032","natural",40.85714286,30,21.1,"Normal",0,1,0,3022,1,2016
"DK033","advanced",40.57142857,26,20.8,"Normal",0,1,0,3824,1,2016
"DK034","advanced",39.85714286,25,20.5,"Normal",1,0,0,4150,1,2016
"DK042","advanced",41.14285714,29,20.8,"Normal",1,0,1,4250,1,2016
"DK044","natural",38.57142857,25,17.8,"Normal",0,1,1,4000,1,2016
"P1",NA,NA,NA,NA,NA,NA,NA,NA,NA,NA,NA
"P10",NA,NA,NA,NA,NA,NA,NA,NA,NA,NA,NA
"P100",NA,NA,NA,NA,NA,NA,NA,NA,NA,NA,NA
"P11",NA,NA,NA,NA,NA,NA,NA,NA,NA,NA,NA
"P12",NA,NA,NA,NA,NA,NA,NA,NA,NA,NA,NA
"P13",NA,NA,NA,NA,NA,NA,NA,NA,NA,NA,NA
"P14",NA,NA,NA,NA,NA,NA,NA,NA,NA,NA,NA
"P15",NA,NA,NA,NA,NA,NA,NA,NA,NA,NA,NA
"P16",NA,NA,NA,NA,NA,NA,NA,NA,NA,NA,NA
"P17",NA,NA,NA,NA,NA,NA,NA,NA,NA,NA,NA
"P18",NA,NA,NA,NA,NA,NA,NA,NA,NA,NA,NA
"P19",NA,NA,NA,NA,NA,NA,NA,NA,NA,NA,NA
"P2",NA,NA,NA,NA,NA,NA,NA,NA,NA,NA,NA
"P21",NA,NA,NA,NA,NA,NA,NA,NA,NA,NA,NA
"P22",NA,NA,NA,NA,NA,NA,NA,NA,NA,NA,NA
"P23",NA,NA,NA,NA,NA,NA,NA,NA,NA,NA,NA
"P24",NA,NA,NA,NA,NA,NA,NA,NA,NA,NA,NA
"P25",NA,NA,NA,NA,NA,NA,NA,NA,NA,NA,NA
"P26",NA,NA,NA,NA,NA,NA,NA,NA,NA,NA,NA
"P27",NA,NA,NA,NA,NA,NA,NA,NA,NA,NA,NA
"P28",NA,NA,NA,NA,NA,NA,NA,NA,NA,NA,NA
"P29",NA,NA,NA,NA,NA,NA,NA,NA,NA,NA,NA
"P3",NA,NA,NA,NA,NA,NA,NA,NA,NA,NA,NA
"P30",NA,NA,NA,NA,NA,NA,NA,NA,NA,NA,NA
"P31",NA,NA,NA,NA,NA,NA,NA,NA,NA,NA,NA
"P32",NA,NA,NA,NA,NA,NA,NA,NA,NA,NA,NA
"P33",NA,NA,NA,NA,NA,NA,NA,NA,NA,NA,NA
"P34",NA,NA,NA,NA,NA,NA,NA,NA,NA,NA,NA
"P35",NA,NA,NA,NA,NA,NA,NA,NA,NA,NA,NA
"P36",NA,NA,NA,NA,NA,NA,NA,NA,NA,NA,NA
"P37",NA,NA,NA,NA,NA,NA,NA,NA,NA,NA,NA
"P38",NA,NA,NA,NA,NA,NA,NA,NA,NA,NA,NA
"P39",NA,NA,NA,NA,NA,NA,NA,NA,NA,NA,NA
"P4",NA,NA,NA,NA,NA,NA,NA,NA,NA,NA,NA
"P40",NA,NA,NA,NA,NA,NA,NA,NA,NA,NA,NA
"P41",NA,NA,NA,NA,NA,NA,NA,NA,NA,NA,NA
"P42",NA,NA,NA,NA,NA,NA,NA,NA,NA,NA,NA
"P43",NA,NA,NA,NA,NA,NA,NA,NA,NA,NA,NA
"P44",NA,NA,NA,NA,NA,NA,NA,NA,NA,NA,NA
"P45",NA,NA,NA,NA,NA,NA,NA,NA,NA,NA,NA
"P46",NA,NA,NA,NA,NA,NA,NA,NA,NA,NA,NA
"P47",NA,NA,NA,NA,NA,NA,NA,NA,NA,NA,NA
"P48",NA,NA,NA,NA,NA,NA,NA,NA,NA,NA,NA
"P49",NA,NA,NA,NA,NA,NA,NA,NA,NA,NA,NA
"P5",NA,NA,NA,NA,NA,NA,NA,NA,NA,NA,NA
"P50",NA,NA,NA,NA,NA,NA,NA,NA,NA,NA,NA
"P51",NA,NA,NA,NA,NA,NA,NA,NA,NA,NA,NA
"P52",NA,NA,NA,NA,NA,NA,NA,NA,NA,NA,NA
"P53",NA,NA,NA,NA,NA,NA,NA,NA,NA,NA,NA
"P54",NA,NA,NA,NA,NA,NA,NA,NA,NA,NA,NA
"P55",NA,NA,NA,NA,NA,NA,NA,NA,NA,NA,NA
"P56",NA,NA,NA,NA,NA,NA,NA,NA,NA,NA,NA
"P57",NA,NA,NA,NA,NA,NA,NA,NA,NA,NA,NA
"P58",NA,NA,NA,NA,NA,NA,NA,NA,NA,NA,NA
"P6",NA,NA,NA,NA,NA,NA,NA,NA,NA,NA,NA
"P60",NA,NA,NA,NA,NA,NA,NA,NA,NA,NA,NA
"P61",NA,NA,NA,NA,NA,NA,NA,NA,NA,NA,NA
"P62",NA,NA,NA,NA,NA,NA,NA,NA,NA,NA,NA
"P63",NA,NA,NA,NA,NA,NA,NA,NA,NA,NA,NA
"P64",NA,NA,NA,NA,NA,NA,NA,NA,NA,NA,NA
"P65",NA,NA,NA,NA,NA,NA,NA,NA,NA,NA,NA
"P66",NA,NA,NA,NA,NA,NA,NA,NA,NA,NA,NA
"P67",NA,NA,NA,NA,NA,NA,NA,NA,NA,NA,NA
"P68",NA,NA,NA,NA,NA,NA,NA,NA,NA,NA,NA
"P69",NA,NA,NA,NA,NA,NA,NA,NA,NA,NA,NA
"P7",NA,NA,NA,NA,NA,NA,NA,NA,NA,NA,NA
"P70",NA,NA,NA,NA,NA,NA,NA,NA,NA,NA,NA
"P71",NA,NA,NA,NA,NA,NA,NA,NA,NA,NA,NA
"P72",NA,NA,NA,NA,NA,NA,NA,NA,NA,NA,NA
"P73",NA,NA,NA,NA,NA,NA,NA,NA,NA,NA,NA
"P74",NA,NA,NA,NA,NA,NA,NA,NA,NA,NA,NA
"P75",NA,NA,NA,NA,NA,NA,NA,NA,NA,NA,NA
"P76",NA,NA,NA,NA,NA,NA,NA,NA,NA,NA,NA
"P77",NA,NA,NA,NA,NA,NA,NA,NA,NA,NA,NA
"P78",NA,NA,NA,NA,NA,NA,NA,NA,NA,NA,NA
"P79",NA,NA,NA,NA,NA,NA,NA,NA,NA,NA,NA
"P8",NA,NA,NA,NA,NA,NA,NA,NA,NA,NA,NA
"P80",NA,NA,NA,NA,NA,NA,NA,NA,NA,NA,NA
"P81",NA,NA,NA,NA,NA,NA,NA,NA,NA,NA,NA
"P82",NA,NA,NA,NA,NA,NA,NA,NA,NA,NA,NA
"P83",NA,NA,NA,NA,NA,NA,NA,NA,NA,NA,NA
"P84",NA,NA,NA,NA,NA,NA,NA,NA,NA,NA,NA
"P85",NA,NA,NA,NA,NA,NA,NA,NA,NA,NA,NA
"P86",NA,NA,NA,NA,NA,NA,NA,NA,NA,NA,NA
"P87",NA,NA,NA,NA,NA,NA,NA,NA,NA,NA,NA
"P88",NA,NA,NA,NA,NA,NA,NA,NA,NA,NA,NA
"P89",NA,NA,NA,NA,NA,NA,NA,NA,NA,NA,NA
"P9",NA,NA,NA,NA,NA,NA,NA,NA,NA,NA,NA
"P90",NA,NA,NA,NA,NA,NA,NA,NA,NA,NA,NA
"P91",NA,NA,NA,NA,NA,NA,NA,NA,NA,NA,NA
"P92",NA,NA,NA,NA,NA,NA,NA,NA,NA,NA,NA
"P93",NA,NA,NA,NA,NA,NA,NA,NA,NA,NA,NA
"P94",NA,NA,NA,NA,NA,NA,NA,NA,NA,NA,NA
"P95",NA,NA,NA,NA,NA,NA,NA,NA,NA,NA,NA
"P96",NA,NA,NA,NA,NA,NA,NA,NA,NA,NA,NA
"P97",NA,NA,NA,NA,NA,NA,NA,NA,NA,NA,NA
"P98",NA,NA,NA,NA,NA,NA,NA,NA,NA,NA,NA
"P99",NA,NA,NA,NA,NA,NA,NA,NA,NA,NA,NA
